ID,Title,Company,Desc,Location
0699e6dbb5a0ec38,Software Engineer,Maxim Integrated,서울,"skills with co-worker Good Programming Skills in C#, C, Python Embedded FW development Generate GUI (Graphic User..."
b9e398dad2b59007,"[대기업] 딥러닝 (AI, 영상인식) 전문가 (석박사급)",비에이블컨설팅그룹,서울,공지능)>딥러닝|인터넷·IT·통신·모바일·게임>빅데이터·AI(인공지능)> Python|인터넷·IT·통신·모바일·게임>빅데이터·AI(인공지능)>데이터분석... 통신·모바일·게임>응용프로그래머> Python|인터넷·IT·통신·모바일·게임...
35869b81b2eb4594,﻿[Synopsys Korea] Training & Hiring Program,서울여자대학교,서울 노원구,"수 있는 의사소통능력 우대사항 EDA Tool 개발 및 사용 경험이 있으신 분 스크립트 언어(bash, Python, TCL, Perl)를 다뤄본 경험이 있으신 분 AI & ML 분야에 관련한 깊은 경험 및 심화 지식이..."
4cc15c26097421c5,"개발자 - Python 프로그래밍과 Java, C 소스코드 분석",바인테크,서울 송파구,"자격요건 인원 [담당업무]개발자 - Python 프로그래밍과 Java, C 소스코드 분석[근무부서 및 직급/직책]근무부서: 엔터프라이즈 솔루션직급/직책: 팀원, 대리, 차장 [필요기술]ㆍ Python 프로그래밍과 Java, C..."
87e6d02f116aab21,"[입사축하금100만원, 전문연구요원] 데이터사이언티스트 / 영상인식 개발자",카비,서울 금천구,"문제 해결 경험 보유자ㆍSQL, Python, R 등 통계/분석 프로그램... 빅데이터·AI(인공지능)> Python|인터넷·IT·통신·모바일·게임>응용프로그래머>C·C++|인터넷·IT·통신·모바일·게임>응용프로그래머> Python"
9f91ece4e66ef5a9,소프트웨어개발자(정규직) 신입/경력 정규직 병역특례전문요원가능업체,지브레인,인천 연수구,인공지능)> Python|인터넷·IT·통신·모바일·게임>빅데이터·AI(인공지능)>신경회로망연구원|인터넷·IT·통신·모바일·게임>전산·IT기술지원>S/W 엔지니어|인터넷·IT·통신·모바일·게임>응용프로그래머> Python|인터넷...
192c20f6f0f64ab3,[2022 전문연구요원] AI R&D - Language AI,엔씨소프트,성남 판교역,"기술을 서비스에 적용하기 위한 MLOps 플랫폼을 개발합니다. 지원자격 학력 : 석사 이상 필수조건 - Python, Java등 한 가지 이상의 컴퓨터 프로그래밍 언어를 활용할 수 있으신 분 - 머신러닝/딥러닝 기술에 대한..."
72a2585ce058fa09,[대형증권사] IT퀀트 개발자,인코리아 프로페셔널,서울 강남구,"로세스에 대한 이해학력사항: 대학교(4년)졸업 - 이공계 전공, C#, Python,JavaScript,SQL 사용 가능 우대 0 명 근무조건 고용형태... 통신·모바일·게임>웹프로그래머> Python|인터넷·IT·통신·모바일·게임..."
5331de34a85a125a,[코그넥스] 딥러닝 연구원 (신입/경력/전문연구요원),코그넥스코리아,서울 서초구,"network 등) - Deep Learning 방법론에 대한 데모 프로그램 제작 및 제품화 코드 작성 ( Python / C++) - 다양한 종류의 제조업 이미지 데이터에 대한 탐색, 분석 및 전처리 모듈 구현 - 최신..."
b81ddcc3978545fa,Application Engineer Korea,IMS Nanofabrication,경기도 화성,"You are committing to support the team in challenging situations. Python, Office solutions and Linux experience is beneficial..."
4d3bbf0f5e96b9a5,Research Engineer,뤼이드,서울 강남구,Inequality - Let’s Riiid. 인터넷·IT·통신·모바일·게임>ERP·시스템분석·설계>딥러닝|인터넷·IT·통신·모바일·게임>웹프로그래머>프론트엔드|인터넷·IT·통신·모바일·게임>웹프로그래머> Python
68abe32585a52892,개발자 생산성 엔지니어,컬리,서울 강남구,모바일·게임>빅데이터·AI(인공지능)>인공지능(AI)|인터넷·IT·통신·모바일·게임>빅데이터·AI(인공지능)> Python|인터넷·IT·통신·모바일·게임>빅데이터·AI(인공지능)>머신러닝|인터넷·IT·통신·모바일·게임>빅데이터...
9adbc290202846e1,[아이브릭스] 기업부설연구소 전문연구요원,아이브릭스,성남 분당구,모바일·게임>응용프로그래머>JAVA|인터넷·IT·통신·모바일·게임>응용프로그래머>자바스크립트|인터넷·IT·통신·모바일·게임>빅데이터·AI(인공지능)>머신러닝|인터넷·IT·통신·모바일·게임>빅데이터·AI(인공지능)> Python
ef98c82fd130b9e1,AI 연구 개발,NHN,성남 판교역,"관련 배경지식 보유자 - Python, C, C++ 개발 경험... 개발 경력 2년 이상 - 머신러닝 프로젝트 또는 백그라운드 보유 - Python, C, C++ 개발 경험 - Pytorch, Tensorflow..."
752a4b5d63eac97c,Sr. Back-end Engineer (Python),Soomgo,서울 강남구,"관리합니다. 개발 언어 : Python 개발 환경 및 도구 : Django... 이상의 백엔드 개발 경험, 또는 이에 준하는 역량을 가지신 분 Python 및 Python web framework를 활용한 백엔드 개발에 거부감이..."
b965ad2a49e454eb,네트워크 모니터링 및 자동화 시스템 개발자 영입,카카오페이,성남 분당구,응용프로그래머>JAVA|인터넷·IT·통신·모바일·게임>응용프로그래머> Python|인터넷·IT·통신·모바일·게임>HTML·퍼블리싱·UI개발>웹퍼블리셔... css|인터넷·IT·통신·모바일·게임>빅데이터·AI(인공지능)> Python
c719ac7a926d4858,Software Engineer - Robotics,Canonical - Jobs,서울,STEM or similar degree You have in-depth knowledge of C / C++ and Python programming You value soft skills... passionate...
b14fdb9121c0a3f4,2021년 이공계 전문여성 아카데미 인턴십() 참여기업,한국여성공학기술인협회,서울 강남구,통신·모바일·게임>빅데이터·AI(인공지능)>데이터분석|인터넷·IT·통신·모바일·게임>빅데이터·AI(인공지능)> Python|인터넷·IT·통신·모바일·게임>빅데이터·AI(인공지능)>머신러닝|인터넷·IT·통신·모바일·게임>빅데이터...
bfe0f5ac4f32ec89,추천 통계분석/데이터사이언티스트,카카오,성남 판교역,"통계, 수학 관련 분야의 석사 또는 박사 학위 소지자 숙련된 데이터분석 능력 데이터 사이언스를 위한 언어( Python/R) 를 하나 이상 능숙하게 다룰 수 있으신 분 분석 결과를 설득력있게 전달할 수 있는 분 우대사항..."
c04680232735292a,가상자산 트레이딩 / 시스템 개발자,블록투리얼,서울 강남구,및 제출서류에 허위사실이 있을 경우 채용이 취소될 수 있습니다. 금융·보험·증권>투자·분석·증권·외환>자산관리|인터넷·IT·통신·모바일·게임>응용프로그래머> Python|인터넷·IT·통신·모바일·게임>응용프로그래머>C·C++
3544467a7b64376f,[전문연구요원] 의료영상 리서치 엔지니어 정규직,메디픽셀,서울 마포구,"학력무관직무기술: VISUALC++, 응용프로그래밍, C·C++, Python, AI개발 2 명 근무조건 고용형태: 정규직(수습기간3개월)근무부서... 머신러닝(ML)|인터넷·IT·통신·모바일·게임>응용프로그래머> Python"
d8918f984b349ea6,[국비무료/취업연계] 실무프로젝트 기반 빅데이터/핀테크/인공지능 연수생,아시아경제,서울 중구,통신·모바일·게임>웹프로그래머> Python|인터넷·IT·통신·모바일·게임... 프론트엔드|인터넷·IT·통신·모바일·게임>빅데이터·AI(인공지능)> Python|인터넷·IT·통신·모바일·게임>빅데이터·AI(인공지능)>인공지능(AI...
615237794a40fe5e,"C#, Python 외 신입/경력 정규직",윤슬,대전 대덕구,있습니다. 인터넷·IT·통신·모바일·게임>응용프로그래머>C#|인터넷·IT·통신·모바일·게임>응용프로그래머> Python|인터넷·IT·통신·모바일·게임>응용프로그래머>Visual C++(MFC·ATL)|인터넷·IT·통신·모바일...
f317eb960a3ce005,Product Engineer - MPC/MDP/MDM,Siemens,경기도 성남,"experience... following: EDA with emphasis on semi OPC; C/C++, Python, TCL, MATLAB or any high-level programming language..."
73f1cc68f788aba4,"웹프로그래머, 웹개발자 신입/경력 정규직, 계약직",명성아이에스,서울 강동구,인터넷·IT·통신·모바일·게임>웹프로그래머>ASP.NET|인터넷·IT·통신·모바일·게임>웹프로그래머> Python|인터넷·IT·통신·모바일·게임>웹프로그래머>프론트엔드|인터넷·IT·통신·모바일·게임>웹프로그래머>백엔드|인터넷...
c5c6ebe82bf299da,[전액무료] IT취업 JAVA기반 프론트엔드&백엔드 개발 국비교육생,에이콘아카데미,서울 종로구,통신·모바일·게임>웹프로그래머> Python|인터넷·IT·통신·모바일·게임... 데이터분석|인터넷·IT·통신·모바일·게임>빅데이터·AI(인공지능)> Python|인터넷·IT·통신·모바일·게임>빅데이터·AI(인공지능)>머신러닝|인터넷...
8c125d2ddacbec6e,[SNOW] 렌더링 엔진 개발자,스노우,성남 분당구,"토링, 디자인 패턴, ReactiveX 활용 경험- Java, Swift(Objective C), Lua, Python 등 다양한 언어 경험- Computer Graphics 이해- Image Processing 이해 인터넷..."
2005391e64a9cce1,SK 실트론 개발/평가/분석 부문 (신입/경력),SK 실트론,경상북도 구미,"수행 경험 - FLUENT, COMSOL, Star-CCM+ 중 1개 이상 활용 경험 - C, C++, Python, Matlab, Fortran 중 1개 이상 활용 역량 유관 전공 : 재료, 기계, 화공 등 분석기..."
de4846ca13ae739e,"Graduate Software Engineer, Linux-based development",Canonical - Jobs,서울,"you apply here. Our primary software engineering stack is Python, Golang, React, Rust and Kubernetes... course we touch..."
b9499f4d0a5a9c36,"Visual C++, Python 이용한 소프트웨어 개발 및 유지보수가 가능한 인재",유니테코,용인 기흥구,"용부문 : - Visual C++, Python 을 이용한 소프트웨어 개발... 및 자격요건 담당업무 자격요건 인원 [담당업무]Visual C++, Python 을 이용한 소프트웨어 개발 및 유지보수가 가능한 인재 0명 - 계측장..."
6141229c69b83068,Web Front-end 개발자,코그넷나인,서울 서초구,"Java Script, MariaDB 개발 플랫폼 : Visual Studio Code 우대 사항 : Python, Golang, RESTful API, Node.js, CSS, Docker, AWS, Azure, GCP..."
82d47e44be45bb97,Junior Structural Engineer,SYSTRA,서울,"365. Structural Modeling software : Midas, Sofistik… IT language: Python (nice to have) . Job Segment: Structural Engineer..."
41eda88d237f0abe,Application Engineer for MCU & Touch,Infineon Technologies,대한민국,"optionally additional language skills (e.g. C#, C++, Python..) Experienced in low level components of timer, counter, PWM..."
e29bd57c416ee579,인재 Pool 등록,S&I Corp.,대한민국,"5년 이상 (IT기획, 프로젝트 PM/PL, 개발경력 등) - 자격 : 컴퓨터 언어 활용능력 보유 (JAVA, PYTHON) : 데이터베이스(RDBMS) 활용능력 보유 - 우대사항 : IT 예산(HW,SW,인건비) 수립 경험..."
6ab03a3c5adbae26,[실내배송로봇 연구개발] - Robotics Software Engineer,로보티즈,서울 강서구,로보틱스 기술 분야에 대한 이해 및 개발 경험- C / C++ or Python 이해 및 개발 능숙[우대사항]- 실내 자율 주행 개발 프로젝트 수행... 개발 경험- C / C++ or Python 이해 및 개발 능숙[우대사항...
25d823b03a3113d5,Sr. Application Engineer - AMS,Siemens,경기도 성남,"plus Proficiency in Linux shell scripting, Tcl, and Python programming is a plus Proven ability to map simulator capabilities..."
025b89990231eea6,[대형증권사] 자산배분전략 수립/모델개발,인코리아 프로페셔널,서울 강남구,통신·모바일·게임>웹프로그래머>JAVA|인터넷·IT·통신·모바일·게임>웹프로그래머>프론트엔드|인터넷·IT·통신·모바일·게임>웹프로그래머> Python|인터넷·IT·통신·모바일·게임>웹프로그래머>HTML·DHTML·mHTML
a0dda478567db352,"(주)트윔 개발자(경력직) 빅데이터,영상처리,머신비전/AI 딥러닝",트윔,경기도 화성,"자기주도적으로 진행한 경험 - Python/C/C++ 능통자 - 데이터... RNN 등 딥러닝 이론 및 알고리즘 유경험자 - C/C++, Java, Python/TensorFlow/Caffe 사용가능자 - Matlab/R 분석..."
5842bf7f00547688,S/W개발 신입/경력 정규직,레드우드케이,서울 성동구,인터넷·IT·통신·모바일·게임>응용프로그래머>자바스크립트|인터넷·IT·통신·모바일·게임>응용프로그래머> Python|인터넷·IT·통신·모바일·게임>응용프로그래머>Linux|인터넷·IT·통신·모바일·게임>빅데이터·AI(인공지능...
8a951dcf7c36065e,Vocational Training Program Intern (Developer/Researcher Rol...,SAP,서울,"one or more programming languages (e.g. C, C++, Python, JavaScript, Typescript, etc.) Intermediate communication skills..."
834db148c2e3c7b5,앱가드 Android 개발,NHN,성남 판교역,"모바일 앱의 해킹 탐지 및 방어 엔진 개발 - 모바일 보안 기술 연구 - C/C++, Java, Python 언어 중 하나 이상을 이용한 개발 경력 2년 이상 - 보안 관련 지식 - 모바일 보안 솔루션 개발 경험..."
53fbfe54f327d9dc,AI Software Engineer,GE Appliances,경기도 성남,"TensorFlow 5+ years of programming experience in Python, C/C++ and MATLAB Experience working with other developers using Git..."
9f0ce22eee4259bb,"교육 기획/운영, 시스템 기획",매직에코,서울 성동구,"Science, Data Science, AI, Algorithm, Python 등... 데이터 분석, 인공지능, 프로그래밍 언어) 교육에 관심... AI, Algorithm, Python 등)• IT(데이터 분석, 인공지능..."
a1d1d5bf76c45576,2022년 2월 경력사원 (설비기술),LG에너지솔루션,청주 오창읍,"개선을 위한 알고리즘 개발 필수사항 - 관련 업무 경력 10년 이상 - Data 분석 및 SW 설계 경력 ( Python, R, Spotfire, C++ 등) - 실시간 데어터 분석/처리/시각화 역량 우대사항 - 빅데이터 분석..."
b3d0c09de23b67d0,고등광기술연구소 레이저응용시스템연구실 위촉연구원,광주과학기술원,광주 북구,"연구/개발 2. 레이저/포토닉스-인공지능 융합연구 (Matlab/ python, Labview/ FPGA/ Raspberry Pi 등 경험자... 공지능 융합연구 (Matlab/ python, Labview/ FPGA..."
75c17bc2904bba52,[TmaxOS/R&D] OS부문 개발자,티맥스소프트,성남 분당구,CD 개발 운영 [주 사용 언어] - C/C++ - JavaScript/TypeScript - Java - Python 자격요건 - 4년제 대졸(학사) 이상 / 기졸업자 또는 22년 8월 졸업 예정자 - 컴퓨터 및 전산관련...
1961a1ecccb03336,[NIT Service] 네이버 파이낸셜 플랫폼 운영,엔아이티서비스,성남 분당구,"및 어플리케이션 배포 전략 지식 보유 - Shell script, python 및 web framework 등 기타 프로그래밍 언어 활용 가능... 보유 - Shell script, python 및 web framework..."
dfffe1088f829d9b,Sr. Application Engineer - EBS,Siemens Electronic Design Automation (Korea) LLC,경기도 성남,"programming language like Visual Basic, VBScript, or Python is also highly desirable Programming Skills like C language..."
18412f48d46b750e,[폴라리스오피스] 전부문 대규모,폴라리스오피스,서울 금천구,통신·모바일·게임>웹프로그래머> Python|인터넷·IT·통신·모바일·게임... 프로그래머>자바스크립트|인터넷·IT·통신·모바일·게임>응용프로그래머> Python|인터넷·IT·통신·모바일·게임>응용프로그래머>iOS|인터넷·IT·통신...
78e99625e5de3c95,전문연구요원 (병역특례) 수시 (AI / HW 분야),딥엑스,성남 분당구,"모델의 RTL IP 설계 및 IP 검증 가능자 - Language: Python/Perl, C/C++ [우대 조건] - ARM based SoC 설계... Linux, shell, tcl, python, perl 사용 원활..."
b5b3a1f9215de179,[TL] MMORPG 클라이언트 프로그래머 모집,엔씨소프트,성남 판교역,"텐츠 개발 경험 우대사항 - Unreal Engine 에 대한 이해 - 블루프린트, UMG 에 대한 이해 - Python, Design Pattern, 게임 수학 제출서류 포트폴리오(선택사항) 전형단계 서류전형 1차 면접..."
3544467a7b64376f,[전문연구요원] 의료영상 리서치 엔지니어 정규직,메디픽셀,서울 마포구,"학력무관직무기술: VISUALC++, 응용프로그래밍, C·C++, Python, AI개발 2 명 근무조건 고용형태: 정규직(수습기간3개월)근무부서... 머신러닝(ML)|인터넷·IT·통신·모바일·게임>응용프로그래머> Python"
46253fd5b203d931,"[로봇개발본부(판교근무)] 각 분야별 (백엔드, WEB APP 개발, APP 개발)",트위니,성남 분당구,게임>웹프로그래머>웹개발|인터넷·IT·통신·모바일·게임>웹프로그래머> Python|인터넷·IT·통신·모바일·게임>웹프로그래머>JAVA|인터넷·IT·통신... 통신·모바일·게임>응용프로그래머> Python|인터넷·IT·통신·모바일·게임...
71c47ac87bb4087e,기술 인턴 인공지능 응용 연구/개발 인턴,써로마인드로보틱스,서울 관악구,"6개월) (협의) *모집 절차: 서류 à인터뷰(오프라인) *지원 자격: 프로그래밍 언어 활용 능력: Python, C, C++ 중 1가지 이상 데이터구조, 알고리즘 과목 이수 머신러닝과 딥러닝의 기본 개념 이해 머신러닝..."
53fbfe54f327d9dc,AI Software Engineer,GE Appliances,경기도 성남,"TensorFlow 5+ years of programming experience in Python, C/C++ and MATLAB Experience working with other developers using Git..."
839879671ea513c5,[웹젠] DBA(신입),웹젠,성남 분당구,로운 기술과 도전을 좋아하는 분 - Data에 대한 관심이 높은 분 - Python 프로그램 경험이 있는 분 • 기타 - 수시채용은 공고 게시 중에도... 에 대한 관심이 높은 분 - Python 프로그램 경험이 있는 분 • 기타...
b81ddcc3978545fa,Application Engineer Korea,IMS Nanofabrication,경기도 화성,"You are committing to support the team in challenging situations. Python, Office solutions and Linux experience is beneficial..."
615237794a40fe5e,"C#, Python 외 신입/경력 정규직",윤슬,대전 대덕구,있습니다. 인터넷·IT·통신·모바일·게임>응용프로그래머>C#|인터넷·IT·통신·모바일·게임>응용프로그래머> Python|인터넷·IT·통신·모바일·게임>응용프로그래머>Visual C++(MFC·ATL)|인터넷·IT·통신·모바일...
27b06cad4f2d0c63,클라우드 엔지니어,NHN SOFT,성남 판교역,"있으신 분 -WebLogic, JBoss 및 Tomcat과 같은 WAS 설치 및 구성 경험 있으신 분 - Python, Shell, Powershell 등의 스크립팅 언어 개발 경험 있으신 분 -대규모 프로젝트 수행 경험..."
1750764e7fad99ec,[키움투자자산운용] 자산배분전략팀 팀원 (사원~대리급),키움투자자산운용,서울 영등포구,및 우대사항 금융·보험·증권>투자·분석·증권·외환>자산관리|인터넷·IT·통신·모바일·게임>응용프로그래머> Python|인터넷·IT·통신·모바일·게임>소프트웨어·하드웨어>소프트웨어|마케팅·광고·홍보·조사>조사·분석·통계>설문...
51df90967b46e8f0,[외국계 스타트업 미소] Business Analyst,유한회사 미소,서울,통신·모바일·게임>빅데이터·AI(인공지능)>데이터분석|인터넷·IT·통신·모바일·게임>빅데이터·AI(인공지능)> Python|인터넷·IT·통신·모바일·게임>데이터베이스·DBA>MySQL|인터넷·IT·통신·모바일·게임>데이터베이스...
98a3e3328fec92db,데이터 엔지니어,Bagelcode,서울,"end pipeline의 개발 ( Python, Airflow, k8s 활용... 데이터베이스 등 기본적인 전산 지식에 대한 이해를 갖추신 분 - Python / Java / Scala / Kotlin / Go 등의 언어로 개발..."
c01b5547feadb2ab,[2021년 대중소기업 상생 일자리 프로그램] SK하이닉스 사업단 협력사 - 주식회사 미코,미코,경기도 안성,"C#, Python 등 언어 사용 가능자 ※ 특이사항 발생여부에 따라 일부내용은 변경 될 수 있으며, 신청 관련해서는 다시 한번 확인 하실 수 있도록 요청드립니다.교육생들은 필요 시 매칭신청을 누르시고일반분들은 별도 신청을..."
e5cf3dda5a485def,[NAVER Z] 3D 리거,네이버제트,성남 분당구,"있는 분이 필요합니다.- 협업을 우선시하고, 열린 자세로 업무에 임할수 있는 분이 필요합니다.우대사항- Python 등 스크립트 작업이 가능하신 분을 선호합니다.- Unity 경험이 있으신 분을 선호합니다.- 항상 능동적인..."
b14fdb9121c0a3f4,2021년 이공계 전문여성 아카데미 인턴십() 참여기업,한국여성공학기술인협회,서울 강남구,통신·모바일·게임>빅데이터·AI(인공지능)>데이터분석|인터넷·IT·통신·모바일·게임>빅데이터·AI(인공지능)> Python|인터넷·IT·통신·모바일·게임>빅데이터·AI(인공지능)>머신러닝|인터넷·IT·통신·모바일·게임>빅데이터...
eaa02bda27910226,사물인터넷(IoT) 개발자 정규직,큐빅스,경기도 파주,통신·모바일·게임>시스템프로그래머>임베디드(Embedded)|인터넷·IT·통신·모바일·게임>응용프로그래머> Python|인터넷·IT·통신·모바일·게임>소프트웨어·하드웨어>하드웨어|인터넷·IT·통신·모바일·게임>소프트웨어·하드웨...
10f2dcc4001cb35f,Software Engineer - CNC (Computer Numerical Control) program...,BOEING,서울,"delivery) practices Experience in multiple programming languages – Python, Javascript, C# etc Experience in TDD (Test-Driven..."
19da3484bd7a72f1,Machine Learning R&D 연구원,카이어,서울 서초구,"가능) ㆍ최신 딥러닝, 기계학습 이론에 대한 이해 및 구현 역량 ㆍ Python, TnsorFlow, C/C++, TensorRT 등 프로그래밍 실무... 대한 이해 및 구현 역량 ㆍ Python, TnsorFlow, C/C++..."
f8bfec7bfbdffd0a,애플리케이션 개발자&컨설턴트 정규직,디지포머싸스랩,서울 강남구,"Platform 컨설팅> JAVA/ Python/JScript 등의 개발... 경력(연차무관)학력사항: 대학(2,3년)졸업 이상직무기술: java, Python, javascript기타: > Basic SQL, HTML, CSS..."
872035f47cfd4850,자산운용팀 전략/리스크팀 퀀트(겨울방학 인턴),마이퍼스트에셋자산운용,대한민국,공자의 경우 관련 과목 12학점 이상 이수 - Microsoft 엑셀 능숙자 선택 사항 (평가 가산점) - Python 또는 VBA 등 코딩 Skill 보유 - 관련 업종에서 2개월 이상 인턴쉽 또는 근무 경력 보유 - 관련...
b6950e35673a5474,[SAPEON Korea] SDK 부문 개발자,사피온코리아,성남 분당구,인터넷·IT·통신·모바일·게임>웹프로그래머>ASP.NET|인터넷·IT·통신·모바일·게임>웹프로그래머> Python|인터넷·IT·통신·모바일·게임>웹프로그래머>프론트엔드|인터넷·IT·통신·모바일·게임>웹프로그래머>백엔드|인터넷...
e7c8c2b11f24fb43,Software Engineer,Google,서울,"languages, including... limited to: C++, Java, C and Python. Excellent written and verbal communication skills. About..."
a0dda478567db352,"(주)트윔 개발자(경력직) 빅데이터,영상처리,머신비전/AI 딥러닝",트윔,경기도 화성,"자기주도적으로 진행한 경험 - Python/C/C++ 능통자 - 데이터... RNN 등 딥러닝 이론 및 알고리즘 유경험자 - C/C++, Java, Python/TensorFlow/Caffe 사용가능자 - Matlab/R 분석..."
ec28b4a12fadf567,BigData 개발 및 운영 담당 영입,카카오페이증권,성남 분당구,빅데이터·AI(인공지능)>빅데이터|인터넷·IT·통신·모바일·게임>빅데이터·AI(인공지능)> Python|인터넷·IT·통신·모바일·게임>ERP·시스템분석·설계>빅데이터|인터넷·IT·통신·모바일·게임>응용프로그래머> Python
c5c6ebe82bf299da,[전액무료] IT취업 JAVA기반 프론트엔드&백엔드 개발 국비교육생,에이콘아카데미,서울 종로구,통신·모바일·게임>웹프로그래머> Python|인터넷·IT·통신·모바일·게임... 데이터분석|인터넷·IT·통신·모바일·게임>빅데이터·AI(인공지능)> Python|인터넷·IT·통신·모바일·게임>빅데이터·AI(인공지능)>머신러닝|인터넷...
34d76713b5fc282d,CS LEAN D&A,ASML,대한민국,"software using Python. (or other... platform expert VBA expert Extra point : Python expert, SAP, Spotfire, RPA skills..."
cadddc1d517bc19b,Renewable Energy Analyst,DNV,서울,"other solar energy modeling tools; Experience utilizing Python, R or Matlab (or similar) for statistical analysis and data..."
75c17bc2904bba52,[TmaxOS/R&D] OS부문 개발자,티맥스소프트,성남 분당구,CD 개발 운영 [주 사용 언어] - C/C++ - JavaScript/TypeScript - Java - Python 자격요건 - 4년제 대졸(학사) 이상 / 기졸업자 또는 22년 8월 졸업 예정자 - 컴퓨터 및 전산관련...
1bb3ad92965d09e9,Network Engineer (Linux/Python),KLA,경기도 화성,Company Overview KLA is a global leader in diversified electronics... semiconductor manufacturing ecosystem. Virtually...
192c20f6f0f64ab3,[2022 전문연구요원] AI R&D - Language AI,엔씨소프트,성남 판교역,"기술을 서비스에 적용하기 위한 MLOps 플랫폼을 개발합니다. 지원자격 학력 : 석사 이상 필수조건 - Python, Java등 한 가지 이상의 컴퓨터 프로그래밍 언어를 활용할 수 있으신 분 - 머신러닝/딥러닝 기술에 대한..."
5861c2740c908a50,(서울시 용산) 전문 분석관 (석사),심네트,서울 용산구,"학위 이상ㆍ정보처리기사 자격 소지 ㆍ데이터 또는 무기효과 분야 연구 유경험자ㆍ통계/공학 SW(Matlab, Python, R 등) 운용 가능자 0명 서울시용산구 접수기간 2022년 2월 6일(일)까지 제출서류 이력서(이력..."
b965ad2a49e454eb,네트워크 모니터링 및 자동화 시스템 개발자 영입,카카오페이,성남 분당구,응용프로그래머>JAVA|인터넷·IT·통신·모바일·게임>응용프로그래머> Python|인터넷·IT·통신·모바일·게임>HTML·퍼블리싱·UI개발>웹퍼블리셔... css|인터넷·IT·통신·모바일·게임>빅데이터·AI(인공지능)> Python
4d6fa0f1b9726d7c,디지털 미디어 매니저(퍼포먼스&브랜딩) 신입/경력,스스스스,서울 서초구,[우대 요건] 1) 마케팅 전공자 2) 영어 커뮤니케이션 가능자 3) Python을 통한 프로그래밍 가능자 4) 구글 및 페이스북 셀프서브 가능자 5) GA 및 써드파티 트래커 활용 가능자 마케팅·광고·홍보·조사>마케팅>온라인마케팅
3fbf16cd38fd66c8,Software Developer & Verification,Ericsson,서울,"Programming Language and skillset: Java(preferred), C++, Python, CI Environment, Shell Script Native Korean and business..."
834db148c2e3c7b5,앱가드 Android 개발,NHN,성남 판교역,"모바일 앱의 해킹 탐지 및 방어 엔진 개발 - 모바일 보안 기술 연구 - C/C++, Java, Python 언어 중 하나 이상을 이용한 개발 경력 2년 이상 - 보안 관련 지식 - 모바일 보안 솔루션 개발 경험..."
e11919aa1a40d234,Software Intern,Maxim Integrated,서울,"good communication skills Good Programming Skills in C#, C, Python Understanding of attached peripherals (I2C, SPI) Basic..."
b03b8655f632f8f0,[네오컨버전스] 딥러닝 개발자 신입/경력 정규직,네오컨버전스,서울 성동구,"부설연구소 [자격요건]신입, 경력(연차무관)대학교(4년)졸업 이상- Python 개발 가능자- Pytorch 딥러닝 프레임 워크 경험자- 딥러닝 이해... 게임>빅데이터·AI(인공지능)> Python|인터넷·IT·통신·모바일·게임..."
091fcae435f75a05,2022년 상반기 부문별 공개,슈어소프트테크,서울 강남구,통신·모바일·게임>웹프로그래머> Python|인터넷·IT·통신·모바일·게임... 용프로그래머>자바스크립트|인터넷·IT·통신·모바일·게임>응용프로그래머> Python|인터넷·IT·통신·모바일·게임>응용프로그래머>가상현실(VR)|인터넷...
8a6e9cac2fec97be,스크린플랫폼개발팀 웹개발자,카카오브이엑스 (KAKAO VX),성남 분당구,인터넷·IT·통신·모바일·게임>통신·모바일>플랫폼(VM)|인터넷·IT·통신·모바일·게임>응용프로그래머> Python|인터넷·IT·통신·모바일·게임>웹프로그래머>웹개발
43835708050a81c8,[TmaxAI/R&D] AI & FinTech 부문 프론트엔드 개발자,티맥스소프트,성남 분당구,"전산관련 전공 - 반응형 디자인, 웹 접근성, 웹 표준을 고려한 UI 개발 경험이 있는 분 - Node.js, Python, PHP와 같은 다양한 언어 및 프레임워크 경험이 있는 분 - 테스트 및 배포 자동화 경험이 있는 분..."
025b89990231eea6,[대형증권사] 자산배분전략 수립/모델개발,인코리아 프로페셔널,서울 강남구,통신·모바일·게임>웹프로그래머>JAVA|인터넷·IT·통신·모바일·게임>웹프로그래머>프론트엔드|인터넷·IT·통신·모바일·게임>웹프로그래머> Python|인터넷·IT·통신·모바일·게임>웹프로그래머>HTML·DHTML·mHTML
ef62b0e22d2dd6a2,[kt ds]2021년 각 부문별 경력사원 수시,케이티디에스,서울 서초구,"W), C/C++,.NET Core, DB(Oracle, MySQL, PostgreSQL, PL/SQL), Python 등 인터넷·IT·통신·모바일·게임>전산·IT기술지원>S/W 엔지니어|인터넷·IT·통신·모바일·게임>ERP..."
35f0a25dee5f3312,딥러닝 알고리즘 및 응용 Engineer,딥엑스,성남 분당구,모바일·게임>빅데이터·AI(인공지능)>인공지능(AI)|인터넷·IT·통신·모바일·게임>빅데이터·AI(인공지능)> Python|인터넷·IT·통신·모바일·게임>빅데이터·AI(인공지능)>머신러닝|인터넷·IT·통신·모바일·게임>빅데이터...
733b814969bff5a7,Jr. Back-end Engineer (Python),Soomgo,서울 강남구,"이런 분을 찾아요 2년 이상의 Python을 활용한 백엔드 개발 업무를 수행한 경험이 있으신 분 Django, Django Rest Framework, Flask 등의 Python web framework를 사용하여..."
14d562d10c215572,"PHP, Python 신입/경력 정규직",비즈부스터,서울 금천구,"주식회사 비즈부스터 PHP, Python 개발자 채용 모집부문 및 자격요건 담당업무 자격요건 인원 [담당업무]*당사의 서비스(비즈탑) 솔루션 및 서비... 프로그래머>PHP |인터넷·IT·통신·모바일·게임>웹프로그래머> Python"
2642a83874ea6bab,"영상처리, 컴퓨터 비전 전문가 (신입/경력)",에바,성남 수정구,"인원 [담당업무] Python, C++, MFC, C를 이용하여 - OpenCV 로 Visual SLAM 개발- MFC, Python을 이용하여 GUI... 통신·모바일·게임>응용프로그래머> Python|인터넷·IT·통신·모바일·게임..."
06d133676285b02e,침해사고 대응 보안 담당자,NHN,성남 판교역,"팩트 자동 수집 도구 개발 경험 - 아티팩트 분석 도구를 능숙하게 사용 가능하신 분 - C, Java, Python 등을 통한 업무 자동화 및 분석도구 개발 경험 - 기업 CERT 직무 수행 경험 - CVE 실무 경험..."
d8918f984b349ea6,[국비무료/취업연계] 실무프로젝트 기반 빅데이터/핀테크/인공지능 연수생,아시아경제,서울 중구,통신·모바일·게임>웹프로그래머> Python|인터넷·IT·통신·모바일·게임... 프론트엔드|인터넷·IT·통신·모바일·게임>빅데이터·AI(인공지능)> Python|인터넷·IT·통신·모바일·게임>빅데이터·AI(인공지능)>인공지능(AI...
f54bac6c78fd3240,코딩에 빠진 수퍼 개발자 (펌웨어 개발),에바,성남 수정구,"학력무관직무기술: 펌웨어(Firmware), Embedded System S/W 개발(판교) c/c++, Python 3 명 근무조건 고용형태: 정규직근무부서: 개발팀급여조건: 연봉 협의 후 결정 전형단계 및 제출서류 전형단..."
ebd9b7e972f551fc,서버 개발자 Python(Django) Developer (신입/경력),아테나스랩,서울 마포구,유관직무 경력자 서버 개발자 Python(Django) Developer... 있습니다.■ 자격 요건 인터넷·IT·통신·모바일·게임>웹프로그래머> Python|인터넷·IT·통신·모바일·게임>웹프로그래머>웹개발|인터넷·IT·통신...
45ef50c3481fd92f,[신용리스크모델링 Intern] 개인 신용평가모형 개발 및 운영직(채용 연계형),카카오뱅크,성남 삼평동,"Learning을 비롯한 최신 통계모형을 활용하여 신용평가모형을 개발하고 운영합니다. SAS, SQL, Python, R 등을 활용한 데이터 분석 능력이 필요하며, 데이터 분석 대회에서 입상한 분, 통계/수학/산업공학/상경계..."
46253fd5b203d931,"[로봇개발본부(판교근무)] 각 분야별 (백엔드, WEB APP 개발, APP 개발)",트위니,성남 분당구,게임>웹프로그래머>웹개발|인터넷·IT·통신·모바일·게임>웹프로그래머> Python|인터넷·IT·통신·모바일·게임>웹프로그래머>JAVA|인터넷·IT·통신... 통신·모바일·게임>응용프로그래머> Python|인터넷·IT·통신·모바일·게임...
69bd6daa77f28616,[SAPEON Korea] 개발자,사피온코리아,성남 분당구,인터넷·IT·통신·모바일·게임>웹프로그래머>ASP.NET|인터넷·IT·통신·모바일·게임>웹프로그래머> Python|인터넷·IT·통신·모바일·게임>웹프로그래머>프론트엔드|인터넷·IT·통신·모바일·게임>웹프로그래머>백엔드|인터넷...
e5cf3dda5a485def,[NAVER Z] 3D 리거,네이버제트,성남 분당구,"있는 분이 필요합니다.- 협업을 우선시하고, 열린 자세로 업무에 임할수 있는 분이 필요합니다.우대사항- Python 등 스크립트 작업이 가능하신 분을 선호합니다.- Unity 경험이 있으신 분을 선호합니다.- 항상 능동적인..."
2642a83874ea6bab,"영상처리, 컴퓨터 비전 전문가 (신입/경력)",에바,성남 수정구,"인원 [담당업무] Python, C++, MFC, C를 이용하여 - OpenCV 로 Visual SLAM 개발- MFC, Python을 이용하여 GUI... 통신·모바일·게임>응용프로그래머> Python|인터넷·IT·통신·모바일·게임..."
0d6b12bb541bb8ca,"목동 컴퓨터 학원 코딩 강사 (정규직 및 계약직,경력무관)",아이브코딩목동학원,서울 양천구,"2,3년)졸업 이상 기타: [IT·문화·직업강사] - C, C++, Python 언어 수업 가능자 [교육상담·학원에이전트 ] - CS 마인드 보유자... 문화·직업강사]- C, C++, Python 언어 수업 가능자[교육상담..."
ec28b4a12fadf567,BigData 개발 및 운영 담당 영입,카카오페이증권,성남 분당구,빅데이터·AI(인공지능)>빅데이터|인터넷·IT·통신·모바일·게임>빅데이터·AI(인공지능)> Python|인터넷·IT·통신·모바일·게임>ERP·시스템분석·설계>빅데이터|인터넷·IT·통신·모바일·게임>응용프로그래머> Python
5b0e88a7d6d4afce,[메디픽셀] 딥러닝 & SW 개발 엔지니어,메디픽셀,서울 마포구,"learning framework에 대한 이해가 있으신 분ㆍ C++, python 개발 경험이 있으신 분[우대사항]ㆍ관련 학과 석사 이상 학위(컴퓨터... 통신·모바일·게임>응용프로그래머> Python|인터넷·IT·통신·모바일·게임..."
c25ce54b919602dc,Sr. Corporate Application Engineer – Calibre DS,Siemens,경기도 성남,"Linux OS, and previous experience with scripting or Tcl/ Python/Perl programming preferred Familiar with Siemens EDA’s Calibre..."
6e8bde30e3d76a07,ID사업부 Software R&D 경력,LG전자,경기도 평택,"사용 가능 php, java, python, node.js) - SQL... Programming Language : C, C++, Java, Python등 - Linux Embedded System 개발 4)우대 사항..."
dff3f8e5936d5b70,[반도체IP 전문기업] Video Codec HW 개발자,커리어라임즈,서울 강남구,video codec • Python/Perl 사용 가능자... image signal processing- video codec • Python/Perl 사용 가능자• SystemVerilog를 사용한 test...
c8b28dbed2073069,"[IT취업교육] 빅데이터·파이썬 실무 전문가, 자바·스프링·앱 개발자 취업반",아이티윌 부산교육센터,부산 부산진구,"파이썬 프로그래밍 - 실무 프로젝트 대회빅데이터 · 파이썬 실무 전문가 교육기간 : 2/21 ~ 8/4 - Python / 빅데이터 분석 - 웹 프로그래밍 언어(JAVA, JSP, HTML) - 리눅스 서버 / 윈도우 서버..."
6cfffc13b8a012c3,Product Test Engineer,NVIDIA,서울,"Knowledge of Compute Language in either C++/C or VB, Python is preferred.. Good command of oral and written English. Good..."
dc74730c92ce5050,Data Scientist,뱅크샐러드,서울 영등포구,"기반 예측, 모델링 프로젝트 경험자 데이터 분석/모델링을 위한 언어 및 프레임워크 사용에 익숙하신 분 ( Python, R, SQL, Pandas, TensorFlow, Pytorch, Spark 등) 회사 내부 구성원들과..."
df228c302c3c8f9b,서버개발자(벡앤드) 정규직,오비이랩,서울 강남구,시스템 개발 [자격요건]• 경력사항: 경력(3년 이상 7년 이하)• 학력사항: 학력무관• 중상급 이상의 Python 또는 JavaScript 언어 활용 가능자• Django 또는 Node.js rest framework에...
8e944616686a366d,NAVER IDC 서버 운영/관리,엔아이티서비스,성남 삼평동,"가상화 개념과 서버 OS(Linux, Windows)에 경험이 있으신 분 - Shell script나 Python 등 관련 지식을 보유하신 분 - 데이터센터(IDC) 이해와 운영에 관심이 있으신 분 - 교대근무가 가능하..."
0229342521a71f63,(주)리얼데이터 분석컨설팅 인력,리얼데이터,서울 성동구,이터·AI(인공지능)>데이터마이닝|인터넷·IT·통신·모바일·게임>빅데이터·AI(인공지능)>빅데이터|인터넷·IT·통신·모바일·게임>빅데이터·AI(인공지능)> Python|인터넷·IT·통신·모바일·게임>빅데이터·AI(인공지능)>R
045c3f7ac2bf61ab,"Lead Software Engineer, Machine Learning (English)",Google,서울,"machine learning. Experience coding in C++, C, or Python. Ability to speak and write in English fluently. Preferred..."
b25a378d97c7a56c,AI 서비스/시스템 개발,NHN,성남 판교역,"Elasticsearch 사용 경험 - MSA 에 대한 이해 - Python, C, C++ 개발 경험 - Docker 및 Container... 이용한 로그 시스템 운영 - Python 개발 경력 3년 이상 또는 그에..."
f3032f72a38e5aff,Sr. Application Engineer Consultant - HAV,Siemens,경기도 성남,"software engineering Knowledge of scripting using Perl, Python, Makefile with UNIX... LINUX platforms Knowledge..."
8c32b5db8ab28c7d,"[광고 추천] 데이터 과학자, 기계학습(머신러닝) 전문가 모집",카카오,성남 판교역,"학습(머신러닝), 딥러닝에 관한 지식과 경험이 풍부한 분 하나 이상의 프로그래밍 언어에 능통한 분 (예, Python, R, Java, Scala, C/C++, Golang 등) 단, 주니어는 기계학습 기초 지식과 개발 역량..."
72c3de496b865cfb,Solana Dapp Developer,MIND AI,서울,"Active public github page... plus* • Node.js, Python or other backend language • Contributions to open-source..."
108b132346b45d3e,Product Application Engineer,Applied Intuition,서울,customer problems Proficiency in debugging and working with Python/C++ Experience in QA and wants to grow... customer...
c80b67aa02a7b226,인공지능연구소 우수인력 초빙 - 연구원 및 연구관리직 -,광주과학기술원,광주 북구,"기술 컴퓨터사이언스, 머신러닝, 컴파일러, 자연언어 처리, 네트워킹, 지능형 센서 관련 지식 Python/Java/C++/Web/App/API 프로그래밍, 딥러닝, 자연어처리, TCP/IP 등에 대한 지식 필요기술..."
ea23e376c32ece8b,Data Scientist (KOREA),No deviation Pte Ltd,충청북도 청주,"data visualization Experience using tools... SAS JMP, Python, Matlab, KNIME, and SIMCA Experience with developing..."
ced15ce8e8c9c0b8,[진행중] 우리은행 AI사업부 전문직(인공지능[AI]모델링) 채용공고,우리은행,서울 회현동,"포함 디지털 서비스 기획 경험자 - 인공지능 알고리즘 설계/검증 및 성능 개선 업무 경력 보유 - Python, R 등 프로그래밍 활용 역량 보유 - 은행, 카드, 보험 등 금융 분야 프로젝트 경험자 우대사항..."
3c2bf0ec25a85c9f,"Senior Analyst - Data Science, Marketing & Sales",McKinsey & Company,서울,mathematics) 4+ years of experience working with SQL and Python or R programming Ability to manage and query large databases...
fda8eb786eca1d3b,Data Engineer,Soomgo,서울 강남구,분을 찾아요 Data Engineering 관련 경력 GCP 클라우드 구축 및 운영 경험이 있으신 분 Python 스크립트 언어 사용에 능숙하신 분 Data lake 또는 warehouse 구축 및 운영 경험이 있으신...
06d133676285b02e,침해사고 대응 보안 담당자,NHN,성남 판교역,"팩트 자동 수집 도구 개발 경험 - 아티팩트 분석 도구를 능숙하게 사용 가능하신 분 - C, Java, Python 등을 통한 업무 자동화 및 분석도구 개발 경험 - 기업 CERT 직무 수행 경험 - CVE 실무 경험..."
fe457b8e789d331c,Data Engineer,오피지지,서울 강남구,게임>빅데이터·AI(인공지능)>머신러닝|인터넷·IT·통신·모바일·게임>빅데이터·AI(인공지능)> Python|인터넷·IT·통신·모바일·게임>응용프로그래머>머신러닝(ML)|인터넷·IT·통신·모바일·게임>응용프로그래머> Python
031eec3794f09645,데이터 서비스/플랫폼 개발,NHN,성남 판교역,"데이터 수집, 처리 및 지표 분석 경험 - 데이터 기반의 문제해결 역량 및 논리적 사고 - Java, Python, Scala 중 최소 1가지 언어를 이용한 데이터 분석 및 소프트웨어 개발 역량 - 통계분석, ML/AI..."
cb973769974700e0,"Software Engineer, Android Connectivity",Google,서울,"one or more... following languages: C, C++, Java, or Python. Preferred qualifications: 5 years of experience in Android..."
78526735d90a85b9,"Machine Learning - iOS Software Engineer,",Apple,서울,"computer vision Python libraries... programming skills with proficiency in Python, Flask, iOS Dev tools, and GitHub..."
18b288e9021d899f,NAVER IDC 서버 운영/관리,NIT Service,춘천 동면,"가상화 개념과 서버 OS(Linux, Windows)에 경험이 있으신 분 - Shell script나 Python 등 관련 지식을 보유하신 분 - 데이터센터(IDC) 이해와 운영에 관심이 있으신 분 - 교대근무가 가능하..."
875324dc79fab14f,"VP, Software Engineering",Canonical - Jobs,서울,"distributed systems in Golang and Python, we work with web technology, and many... runtimes... Python and Java. VP..."
891485cc2a8e6779,인공지능 솔루션 (AI Solution) 개발,카이어,서울 서초구,Detection 등) 개발 경험• Python Library 사용 경험... 그래머>머신러닝(ML)|인터넷·IT·통신·모바일·게임>응용프로그래머> Python|인터넷·IT·통신·모바일·게임>빅데이터·AI(인공지능)>인공지능(AI...
f384026e8fdd4b35,솔루션(웹/서버/통신) 프로그램 개발,잇팩,서울 중구,인터넷·IT·통신·모바일·게임>웹프로그래머>백엔드|인터넷·IT·통신·모바일·게임>웹프로그래머>프론트엔드|인터넷·IT·통신·모바일·게임>웹프로그래머> Python|인터넷·IT·통신·모바일·게임>빅데이터·AI(인공지능)>음성인식
34f22fafb415ec3c,Data Analyst,뱅크샐러드,서울 영등포구,"가지신 분 Business Intelligence 시스템 및 비즈니스 리포팅 툴의 활용 능력 프로그래밍 언어( Python/R, etc)를 활용하여 데이터 분석이 가능하신 분 더 나은 데이터 기반 서비스를 만들기 위해 동료들과..."
dd48308dcebc1469,"Customer Engineer, Google Cloud Customers",구글코리아,서울 강남구,"scripting/programming languages: Java, Go, Kotlin, C#, Python, Perl... Shell Scripting.Ability to rapidly prototype..."
eff6d38d4767ff87,Software Engineer,Boston Consulting Group,서울,"parallel computing TECHNOLOGIES: Languages programming: Python, GO, C++, Java, Scala, JavaScript, TypeScript DevOps: Docker..."
8af26b37623864c4,8퍼센트 개발자 (신입/경력),8퍼센트,서울 종로구,개발 금융 데이터 분석과 분석 플랫폼 운영 자격요건 컴퓨터 전공자 또는 웹 개발 경력 1년 이상 우대사항 Python 코드를 무리 없이 읽으실 수 있는 분 Linux/Mac 사용 가능한 분 새로운 기술에 대한 호기심을 가지신...
77dfad5a778a94c2,Senior Data Scientist,Boston Consulting Group,서울,"leadership. Fluency... least one scripting language (e.g. Python, R) Fluency in English local office language is required..."
9f1b3a55c974207a,Teacher / Instructor,Grace International Academy (GIA),서울 강남구,"Cultures... Computer Science (Programming Languages--e.g., Python, C/C++, etc. ) Fine Arts Other Elective Courses Full..."
bc166941018ab5ab,"Engr, Apps Dev 3",KLA,경기도 화성,"working effectively with different cultures. Matlab/ Python experience is a plus. We offer a competitive, family friendly..."
5373ec7f16244523,Renewables Consultant - Electrical Engineering,DNV,서울,"programming languages... PSS®E, PSCAD, PowerFactory Python, Matlab, etc; Experience with using MS Office suite packages..."
ac64fda2e281b835,"Software Engineer, People with Disabilities (장애인 채용)",Google,서울,"languages, including... limited to: C++, Java, C and Python. Experience in a variety of projects utilizing natural..."
e0c985782b230f96,Senior Data Analyst,Electronic Arts,서울,Looker and LookML will make you stand out from the crowd. Any experience with statistical toolkits... Python or R.
fecc1f2f8e371810,VP R&D,Mofac,서울 서초구,"이상 경력 · C++, Python, PySide/PyQt 및 Mata API/Mel · 최소 3년 이상 UE4로 VR, AR, XR에 대해 TA 또는 TD 경험이 있으신 분 우대사항 · C++ 또는 Python 중급 이상..."
2485e93043545d8a,인간중심 지능형 시스템 연구실 위촉연구원,광주과학기술원,광주 북구,"및 인간 대상 연구 수행) 공학 학사학위 이상 C#기반 SW개발 가능자 우대사항 ① 이외 개발언어 ( Python, C++, JAVA, MFC, QT 등) 기반 SW(앱/웹 포함) 개발 가능자 ② 인간대상연구 경험자..."
bec33b19427238a4,(주)작당모의 앱 개발자,작당모의,서울 서초구,"1. 백엔드 개발 1년이상, OOP/Function Language 개발 가능, AWS 개발 경험 등 2. Python Django 개발, Nodejs React 개발, MySQL 개발 경험 등 3. React Native..."
c35e0100a6fa97dd,각 부문별,현대오토에버,서울 강남구,응용프로그래머>클라우드|인터넷·IT·통신·모바일·게임>응용프로그래머> Python|인터넷·IT·통신·모바일·게임>웹프로그래머>JAVA|인터넷·IT·통신... 게임>빅데이터·AI(인공지능)> Python|인터넷·IT·통신·모바일·게임...
941687b6bbb14d81,웹 개발자 경력 Java/Php/Javascript/Python/Html/CSS 등 프로젝트 경력자,바이오브레인,대전 서구,"(주)바이오브레인 웹 개발자 경력 채용 모집부문 및 자격요건 담당업무 자격요건 인원 [담당업무] ㆍ웹 기반 프로젝트 개발 및 운영 [근무부서 및 직급/직책] 직급/직책: 대리 [자격요건] ㆍJava, Php..."
ca42174fece4f1e7,[HDC 랩스] 2022년 상반기 경력,현대산업개발,서울특별시,"Spring, node.js, python 프레임워크를 활용한 서버 개발... 전공 무관 ㆍ총경력 : 4년 이상~8년 이하 ㆍ Python 개발 경력 4년 이상 - Python 서버 (Backend) 개발 경력 4년 이상 - 웹..."
112db0c64f7899b8,[한국필립모리스] 각 부문,한국필립모리스㈜,서울 영등포구,통신·모바일·게임>웹프로그래머> Python|인터넷·IT·통신·모바일·게임... 용프로그래머>자바스크립트|인터넷·IT·통신·모바일·게임>응용프로그래머> Python|인터넷·IT·통신·모바일·게임>시스템프로그래머>펌웨어·어셈블러|인터...
adbd22b4349f9825,2022년도 1차 계약직,국가보안기술연구소,대전 유성구,"부전공): 전자, 컴퓨터, 멀티미디어, 산업공학 등 이공계열 응용·시스템 SW 프로그래밍(C/C++/C#/ Python 등) 기술 응용·시스템 통합 개발 기술 3D 그래픽 엔진(언리얼/유니티 등) 프로그래밍 기술 석사 이상 2..."
474d97735565073a,[시높시스코리아] 2022년 Training & Hiring Program,서울여자대학교,서울 노원구,"수 있는 의사소통능력 우대사항 EDA Tool 개발 및 사용 경험이 있으신 분 스크립트 언어(bash, Python, TCL, Perl)를 다뤄본 경험이 있으신 분 AI & ML 분야에 관련한 깊은 경험 및 심화 지식이..."
84329a66291839cd,각 부문별,컬리,서울 강남구,통신·모바일·게임>응용프로그래머> Python|인터넷·IT·통신·모바일·게임... W 엔지니어|인터넷·IT·통신·모바일·게임>빅데이터·AI(인공지능)> Python|유통·물류·운송·운전>유통·상품기획·MD>상품MD|유통·물류·운송...
df21e3bb5d773616,Python Programmer,Mofac,서울 서초구,개발 – JAVA 프로그래밍(라이브러리 활용) – Spring 프레임 워크 개발 – Python API 프로그래밍 우대사항 – Python 개발 경험 – Open Source 라이브러리 개발경험 – Web 표준에 대한 경험...
b9d4defa6e2b7739,"[TmaxMetaverse/R&D] 게임 엔진, 게임 서버, 메타버스 스튜디오 개발자",티맥스소프트,성남 분당구,"유경험자 - 리액트 기반 개발 유경험자 [주 사용 언어] - C++, C# - Java Script - Python - Spring, React - HTML [지원 시 참고 사항] - 기술, 경험, 지식 등이 상세히 담긴..."
87309d3ff40ead61,딥러닝 AI 개발 연구원,베이리스,성남 수정구,시스템프로그래머>임베디드(Embedded)|인터넷·IT·통신·모바일·게임>응용프로그래머>C·C++|인터넷·IT·통신·모바일·게임>응용프로그래머>Linux|인터넷·IT·통신·모바일·게임>빅데이터·AI(인공지능)> Python
c7cf3ae03de76f24,[체험형 인턴] 데이터 분석,네이버,서울,"통계, 컴퓨터공학 등 관련 전공 석사 이상 재학중인 분 - 데이터 분석 관련 인턴 업무를 경험해보신 분 - Python/R 등을 이용한 데이터 분석 업무가 가능하신 분 - 데이터를 통해 비즈니스/일상의 문제를 분석하고 실제로..."
cb4eca654b2c2901,[TmaxEdu/R&D] 연구 개발자,티맥스소프트,성남 분당구,"CSS, JavaScript, TypeScript [Server 개발(사용 언어)] - Java, Python, SQL [Framework(사용 언어)] - React.js, Spring [입사 지원 시 참고 사항..."
22ffe020e40de675,[포티투마루] 인공지능(AI) 개발자 전 부문,포티투마루,서울 서초구,인터넷·IT·통신·모바일·게임>빅데이터·AI(인공지능)> Python|인터넷·IT·통신·모바일·게임>빅데이터·AI(인공지능)>머신러닝|인터넷·IT·통신·모바일·게임>빅데이터·AI(인공지능)>딥러닝|인터넷·IT·통신·모바일·게임...
45b22fa764b0dae9,"빅데이터, 인공지능(AI) 외 신입 인턴",레드테이블,서울 종로구,AI(인공지능)>인공지능(AI)|인터넷·IT·통신·모바일·게임>빅데이터·AI(인공지능)>데이터분석|인터넷·IT·통신·모바일·게임>빅데이터·AI(인공지능)> Python|인터넷·IT·통신·모바일·게임>빅데이터·AI(인공지능)>R
7f3f57623d469750,각 부문별,한화시스템,서울 영등포구,바스크립트|인터넷·IT·통신·모바일·게임>응용프로그래머>클라우드|인터넷·IT·통신·모바일·게임>응용프로그래머> Python|인터넷·IT·통신·모바일·게임>응용프로그래머>SAP·ABAP|인터넷·IT·통신·모바일·게임>웹프로그래머...
8cc372a6b78679b1,"인공지능(AI), Python(응용프로그램 개발자) 외 신입/경력 정규직",쿠노소프트,서울 성북구,"(주)쿠노소프트 인공지능(AI), Python 외 신입/경력 정규직 채용... 래머>인공지능(AI)|인터넷·IT·통신·모바일·게임>응용프로그래머> Python|인터넷·IT·통신·모바일·게임>응용프로그래머>Visual C++(MFC..."
5fa942bd615ebd27,[TmaxAI/R&D] NLP(자연어/문서/음성)부문 개발자,티맥스소프트,성남 분당구,"DB 개발 경험이 있으신 분 [음성, 자연어처리] -관련 분야의 연구 경험 / 기본 지식 보유자 -기본적인 Python 프로그래밍이 가능하신 분 우대사항 [리더급] -전반적으로 인공지능 자연어/문서처리 기술에 대한 이해가..."
3f650de35b95f7fc,Data Scientist,BOEING,서울,"testing, classification, or clustering Experience with Python programming language and writing SQL queries Bachelor’s degree..."
aac8e9355cb855ac,[인재풀] 아티스트 ART,Electronic Arts,서울,Maya or 3D Max등의 아트웍 툴 사용 경험 Max script 또는 Mel Script의 사용 경험 C# 또는 Python 언어에 대한 이해 및 활용 능력 아트웍 관련 툴 제작 또는 플러그인 제작 경험
7585ef1908280606,데이터표준화 부문 경력,현대오토에버,서울 강남구,"관리 2. 자격 요건 1) 필수 · Hadoop 데이터 플랫폼 사용 경험 · SQL, Spark(Scala, Python)등 데이터 처리 언어 1종 이상 숙련 · 대규모 트래픽 서비스, 대용량 배치처리 시스템의 Backend..."
1750764e7fad99ec,[키움투자자산운용] 자산배분전략팀 팀원 (사원~대리급),키움투자자산운용,서울 영등포구,및 우대사항 금융·보험·증권>투자·분석·증권·외환>자산관리|인터넷·IT·통신·모바일·게임>응용프로그래머> Python|인터넷·IT·통신·모바일·게임>소프트웨어·하드웨어>소프트웨어|마케팅·광고·홍보·조사>조사·분석·통계>설문...
091fcae435f75a05,2022년 상반기 부문별 공개,슈어소프트테크,서울 강남구,통신·모바일·게임>웹프로그래머> Python|인터넷·IT·통신·모바일·게임... 용프로그래머>자바스크립트|인터넷·IT·통신·모바일·게임>응용프로그래머> Python|인터넷·IT·통신·모바일·게임>응용프로그래머>가상현실(VR)|인터넷...
cadddc1d517bc19b,Renewable Energy Analyst,DNV,서울,"other solar energy modeling tools; Experience utilizing Python, R or Matlab (or similar) for statistical analysis and data..."
5a1932132530e651,Data Scientist (IBM Client Engineering),IBM,서울,"derive meaningful data insights (e.g., Python, R, Spark, TensorFlow, Jupyter, etc... language... Python or R Preferred..."
8164d5e7100c5968,AI Frameworks Engineer Intern,Intel,서울,Basic knowledge of deep learning technologies Programming with Python or Shell script Education Students who are currently...
72d0031af322a59f,[코닝테크놀로지센터코리아] 연구원,코닝정밀소재,충청남도 아산,게임>빅데이터·AI(인공지능)>tensorflow|인터넷·IT·통신·모바일·게임>빅데이터·AI(인공지능)> Python|인터넷·IT·통신·모바일·게임>응용프로그래머>머신러닝(ML)|인터넷·IT·통신·모바일·게임>응용프로그래머...
9f6ca44bd1c54a7b,2022년 2월 경력사원 (품질),LG에너지솔루션,청주 오창읍,"경력 - 프로그래밍 언어(R, Python, Visual Basic 등... 년 이상 - Embedded SW 개발 (C, C++) 실무 경력 - Python 활용 Big Data 분석 및 수치 해석 경험 우대사항 - BMS..."
e1f6164f1d03449a,주식회사 데이터스트림즈 기술연구소 Python/Java 개발자,데이터스트림즈,성남 분당구,데이터스트림즈 기술연구소 Python/Java 개발자 채용 모집부문 및 자격요건 담당업무 자격요건 우대사항 Python/Java 개발 직군 경력직... 통신·모바일·게임>웹프로그래머> Python|인터넷·IT·통신·모바일·게임...
20c20d5b4ade577d,C++ Developer for High Performance Cloud Database,SAP,서울,"C++ Experience in multi-thread programming Experience in SQL, Python, Git Experienced... development on Linux environment..."
3cd339cf8959f44d,생명정보학 부문 박사졸 선임연구원 정규직 정규직,카이팜,서울 서대문구,"- Python or R 활용가능 -Linux terminal 능숙 -생물학... 생명정보학, 생물정보학-외국어: 영어 회화가능,독해가능,작문가능- Python or R 활용가능- Linux terminal 능숙- 생물학 기초 수강..."
ccd4f5407a32ba6a,Data Scientist,Boston Consulting Group,서울,"analysis a plus, Programming... scripting exp.: eg. Python, C#, VBA, Java, Perl, etc. Experience in applied analytics..."
e11919aa1a40d234,Software Intern,Maxim Integrated,서울,"good communication skills Good Programming Skills in C#, C, Python Understanding of attached peripherals (I2C, SPI) Basic..."
2b9e604e63e7e46d,[카카오커머스] 기술직군,카카오커머스,성남 분당구,"우대사항 - 전자금융 감독규정, PCIDSS에 대한 실무 경험이나 이해도가 높으신 분 - JAVA, Python, shell script 등 개발 역량을 갖추신 분 - 웹/앱 취약점 진단 및 모의해킹 역량을 갖추신..."
5b3c147dddec314b,C++/PYTHON 백엔드 개발자 (근무지:춘천or서울),지오비전,서울 구로구,"[직무내용] 모집 분야C++/ PYTHON 백엔드 개발자모집인원 : 2명담당... 또는 이와 동등한 학위 (경력자의 경우 실무경력 2년 이상)c++ 또는 python 사용에 능숙하신 분데이터베이스, 네트워크 등 s/w 개발과 관련한..."
e30fe92d72ceb17c,"자율 주행, 로봇 SW 개발자",에바,성남 수정구,"(주)에바 모집부문 및 자격요건 모집부문 담당업무 자격요건 인원 자율주행 SW 엔지니어 Python응용SW [담당업무]ROS 개발, 로봇 주행 알고리즘 개발, SW Optimization[근무부서 및 직급/직책]근무부서: 개발팀..."
f8bfec7bfbdffd0a,애플리케이션 개발자&컨설턴트 정규직,디지포머싸스랩,서울 강남구,"Platform 컨설팅> JAVA/ Python/JScript 등의 개발... 경력(연차무관)학력사항: 대학(2,3년)졸업 이상직무기술: java, Python, javascript기타: > Basic SQL, HTML, CSS..."
5ea9ea023c6ccc03,"S/W 엔지니어, 데이터분석 신입/경력 정규직, 인턴",가치랩스,성남 분당구,"케이션 제작 및 유지보수 업무- Python, Golang, QT 중 선택... 2. 시스템프로그래머- Python, Golang, QT 중 선택 가능3. 영상데이터 분석 및 모델링- python기반 영상데이터 분석 및 모델링..."
5c9f84f18b1b4944,2022 데이터 사이언티스트 부문,데이타솔루션,서울 강남구,인터넷·IT·통신·모바일·게임>ERP·시스템분석·설계>딥러닝|인터넷·IT·통신·모바일·게임>빅데이터·AI(인공지능)>머신러닝|인터넷·IT·통신·모바일·게임>빅데이터·AI(인공지능)> Python
df86d9b3c5f1ead7,5G R&D 소프트웨어 개발자,Ericsson,서울,"Erlang, Java, Python Domain experience... 프로그래밍 언어: C, C++ (필수) / Erlang, Java, Python(우대) 기술 분야: 라디오 엑세스 네트워크, 5G NR, LTE..."
05b54a7b23b66511,2022년 2월 경력사원 (제조지능화),LG에너지솔루션,청주 오창읍,"경험 - 빅데이터/AI 경험(R, Python,SAS 등 분석 Tool 활용... 구축 및 거버넌스 수립 - 분석솔루션(Spotfire, SAS, R, Python) 전파 필수사항 - 관련 업무 경력 8년 이상 - 분석 시스템 구축..."
19da3484bd7a72f1,Machine Learning R&D 연구원,카이어,서울 서초구,"가능) ㆍ최신 딥러닝, 기계학습 이론에 대한 이해 및 구현 역량 ㆍ Python, TnsorFlow, C/C++, TensorRT 등 프로그래밍 실무... 대한 이해 및 구현 역량 ㆍ Python, TnsorFlow, C/C++..."
70a300d9cc2aff7e,Machine Learning 엔지니어,카카오모빌리티,성남 분당구,인공지능)> Python|인터넷·IT·통신·모바일·게임>빅데이터·AI(인공지능)>딥러닝|인터넷·IT·통신·모바일·게임>응용프로그래머>머신러닝(ML)|인터넷·IT·통신·모바일·게임>응용프로그래머> Python|인터넷·IT·통신...
10f2dcc4001cb35f,Software Engineer - CNC (Computer Numerical Control) program...,BOEING,서울,"delivery) practices Experience in multiple programming languages – Python, Javascript, C# etc Experience in TDD (Test-Driven..."
14d562d10c215572,"PHP, Python 신입/경력 정규직",비즈부스터,서울 금천구,"주식회사 비즈부스터 PHP, Python 개발자 채용 모집부문 및 자격요건 담당업무 자격요건 인원 [담당업무]*당사의 서비스(비즈탑) 솔루션 및 서비... 프로그래머>PHP |인터넷·IT·통신·모바일·게임>웹프로그래머> Python"
733b814969bff5a7,Jr. Back-end Engineer (Python),Soomgo,서울 강남구,"이런 분을 찾아요 2년 이상의 Python을 활용한 백엔드 개발 업무를 수행한 경험이 있으신 분 Django, Django Rest Framework, Flask 등의 Python web framework를 사용하여..."
40de6a4b81f8724f,[전문연구요원 신규편입/전직] 의료영상/음성인식/생체신호 연구원,뷰노코리아,서울 서초구,인공지능)>텍스트마이닝|인터넷·IT·통신·모바일·게임>빅데이터·AI(인공지능)>인공지능(AI)|인터넷·IT·통신·모바일·게임>빅데이터·AI(인공지능)> Python|인터넷·IT·통신·모바일·게임>빅데이터·AI(인공지능)>딥러닝
21d2c5a3f43370e1,[ HDC 랩스 ] 2022년 상반기 경력,에이치디씨랩스,성남 분당구,인터넷·IT·통신·모바일·게임>웹프로그래머>백엔드|인터넷·IT·통신·모바일·게임>빅데이터·AI(인공지능)> Python|인터넷·IT·통신·모바일·게임>빅데이터·AI(인공지능)>빅데이터|인터넷·IT·통신·모바일·게임>네트워크...
ebd9b7e972f551fc,서버 개발자 Python(Django) Developer (신입/경력),아테나스랩,서울 마포구,유관직무 경력자 서버 개발자 Python(Django) Developer... 있습니다.■ 자격 요건 인터넷·IT·통신·모바일·게임>웹프로그래머> Python|인터넷·IT·통신·모바일·게임>웹프로그래머>웹개발|인터넷·IT·통신...
71c47ac87bb4087e,기술 인턴 인공지능 응용 연구/개발 인턴,써로마인드로보틱스,서울 관악구,"6개월) (협의) *모집 절차: 서류 à인터뷰(오프라인) *지원 자격: 프로그래밍 언어 활용 능력: Python, C, C++ 중 1가지 이상 데이터구조, 알고리즘 과목 이수 머신러닝과 딥러닝의 기본 개념 이해 머신러닝..."
e7c8c2b11f24fb43,Software Engineer,Google,서울,"languages, including... limited to: C++, Java, C and Python. Excellent written and verbal communication skills. About..."
016de9bb83a8032d,JR0186078 AI Research Engineer Intern,인텔코리아,서울,"architectures, and optimization strategiesProgramming skills with Python/C++Experience working with one or more deep learning..."
9720582e65044101,이공계 우수인력 희망기업,한국산업기술진흥협회,서울,과정명 연수지역 연수기관 연락처 경기도경제과학진흥원 JAVA와 파이썬( Python)기반 빅데이터 분석 양성 서울 031-259-6067 동양미래대학교... 게임>빅데이터·AI(인공지능)> Python|인터넷·IT·통신·모바일·게임...
590b2c305431c4ca,Software Engineer (Point Cloud Processing),BOEING,서울,experience in software development Highly skilled in C++ and Python Experience in Microservices Enthusiasm to learn new...
4d3bbf0f5e96b9a5,Research Engineer,뤼이드,서울 강남구,Inequality - Let’s Riiid. 인터넷·IT·통신·모바일·게임>ERP·시스템분석·설계>딥러닝|인터넷·IT·통신·모바일·게임>웹프로그래머>프론트엔드|인터넷·IT·통신·모바일·게임>웹프로그래머> Python
b574f1454ae36aab,Cross Border Ecommerce - Business Intelligence (Based in Seo...,Shopee,서울,business analyst related roles Proficient in SQL and Python Strong analytical skill and sensitivity to data Strong oral...
ad07d6a330fb619a,NHN Cloud 운영 및 기술지원,NHN,성남 판교역,"Linux, Microsoft Solutions 등) - 2년 이상의 개발 경험 (Java, Python 등) - 기술 문서 작성 및 가이드 경험이 풍부한 자 - 대외 고객 기술 지원 경험 - Windows..."
fd8b0de646d7e63a,People Analytics 데이터 분석가 모집,엔씨소프트,성남 판교역,"년 필수조건 1. 필요 지식/ 기술 - 데이터 분석 업무를 수행할 수 있는 하나 이상의 언어 스킬 (R, Python) - SQL을 사용한 데이터 추출 및 활용 기술 - 통계 이론 및 머신러닝 방법론에 기반한 분석 및 예측..."
eba169ad2f8bfa95,Sr. Application Engineer - EBS,Siemens,경기도 성남,"programming language like Visual Basic, VBScript, or Python is also highly desirable Programming Skills like C language..."
b131e4e5c5d35ea0,CS LEAN D&A(Digitalization & Automation) expert,에이에스엠엘코리아,경기도 화성,mandatory : experience with developing software using Python. (or other programing language related to process automation...
cd829f275871114e,[SNOW] 렌더링 엔진 개발자,네이버,서울,"팩토링, 디자인 패턴, ReactiveX 활용 경험 - Java, Swift(Objective C), Lua, Python 등 다양한 언어 경험 - Computer Graphics 이해 - Image Processing 이해..."
8c125d2ddacbec6e,[SNOW] 렌더링 엔진 개발자,스노우,성남 분당구,"토링, 디자인 패턴, ReactiveX 활용 경험- Java, Swift(Objective C), Lua, Python 등 다양한 언어 경험- Computer Graphics 이해- Image Processing 이해 인터넷..."
73f1cc68f788aba4,"웹프로그래머, 웹개발자 신입/경력 정규직, 계약직",명성아이에스,서울 강동구,인터넷·IT·통신·모바일·게임>웹프로그래머>ASP.NET|인터넷·IT·통신·모바일·게임>웹프로그래머> Python|인터넷·IT·통신·모바일·게임>웹프로그래머>프론트엔드|인터넷·IT·통신·모바일·게임>웹프로그래머>백엔드|인터넷...
ad4759024e053193,[SAPEON Korea] Core 부문 개발자,사피온코리아,성남 분당구,인터넷·IT·통신·모바일·게임>웹프로그래머>ASP.NET|인터넷·IT·통신·모바일·게임>웹프로그래머> Python|인터넷·IT·통신·모바일·게임>웹프로그래머>프론트엔드|인터넷·IT·통신·모바일·게임>웹프로그래머>백엔드|인터넷...
95929d1cd7077dfd,네이버 클라우드 플랫폼 기술지원,NIT Service,성남 삼평동,"클라우드 서비스 운영 경험 (AWS, Azure, KT Cloud 등) - Shell Script, Python 활용 가능 - 국가보훈대상자 및 장애인은 법령에 의거 우대 (※입사지원 시 보훈/장애사항 체크 필수..."
5b0e88a7d6d4afce,[메디픽셀] 딥러닝 & SW 개발 엔지니어,메디픽셀,서울 마포구,"learning framework에 대한 이해가 있으신 분ㆍ C++, python 개발 경험이 있으신 분[우대사항]ㆍ관련 학과 석사 이상 학위(컴퓨터... 통신·모바일·게임>응용프로그래머> Python|인터넷·IT·통신·모바일·게임..."
b9499f4d0a5a9c36,"Visual C++, Python 이용한 소프트웨어 개발 및 유지보수가 가능한 인재",유니테코,용인 기흥구,"용부문 : - Visual C++, Python 을 이용한 소프트웨어 개발... 및 자격요건 담당업무 자격요건 인원 [담당업무]Visual C++, Python 을 이용한 소프트웨어 개발 및 유지보수가 가능한 인재 0명 - 계측장..."
e00d3977d633da67,[쿠키런: 오븐브레이크] 데이터 분석가 (경력),데브시스터즈,서울 강남구,통신·모바일·게임>ERP·시스템분석·설계>데이터분석|인터넷·IT·통신·모바일·게임>응용프로그래머> Python|인터넷·IT·통신·모바일·게임>웹프로그래머> Python|인터넷·IT·통신·모바일·게임>데이터베이스·DBA>SQL
00b0f4d1f5f56d14,모바일 운영서비스 빌드/배포/테스트 자동화 개발자,브롤브,서울 마포구,"와 같은 컨테이너 기반 기술 이해 및 경험- 리눅스 환경에 대한 경험- 기본 스크립트 언어 경험 : Python / Bash / Perl 등- 지속적 통합 (Jenkins, Fastlane) 이해 및 경험- 소스형상관리..."
ab58a5f77dd9c9c8,[NAVER Cloud] 빅데이터 분석 플랫폼 개발,네이버클라우드,성남 분당구,빅데이터|인터넷·IT·통신·모바일·게임>빅데이터·AI(인공지능)> Python|인터넷·IT·통신·모바일·게임>ERP·시스템분석·설계>빅데이터|인터넷... 로그래머>JAVA|인터넷·IT·통신·모바일·게임>응용프로그래머> Python
2b2dcd3ffe3d53df,카카오 데이터의 가치를 발굴할 데이터 분석가 모집,카카오,성남 판교역,"기술 통계량 이해 및 해석) 데이터 분석 업무를 수행할 수 있는 언어 스킬 필수 SQL 필수 R 또는 Python을 다룰 수 있는 분 (SAS, SPSS, GA, tableau 등 통계 툴만 사용 가능한 경우 제외) 하둡..."
e18e709e63c081ed,"전액 국비지원 IT취업연계 교육 JAVA웹&앱, 빅데이터, 인공지능",중앙정보처리학원,서울 마포구,중앙정보처리학원 인터넷·IT·통신·모바일·게임>웹프로그래머>JAVA|인터넷·IT·통신·모바일·게임>웹프로그래머> Python|인터넷·IT·통신·모바일·게임>빅데이터·AI(인공지능)>빅데이터|인터넷·IT·통신·모바일·게임>빅데이터...
7df915e1f0f86b2d,Software Architecture 설계 엔지니어,딥엑스,성남 분당구,경험 - Windows/Linux 상에서 C++/ Python 언어 사용 개발 경험 - C++ / Python 언어 사용 개발 경험 - 객체지향 설계에... 게임>빅데이터·AI(인공지능)> Python|인터넷·IT·통신·모바일·게임...
3cd339cf8959f44d,생명정보학 부문 박사졸 선임연구원 정규직 정규직,카이팜,서울 서대문구,"- Python or R 활용가능 -Linux terminal 능숙 -생물학... 생명정보학, 생물정보학-외국어: 영어 회화가능,독해가능,작문가능- Python or R 활용가능- Linux terminal 능숙- 생물학 기초 수강..."
9adbc290202846e1,[아이브릭스] 기업부설연구소 전문연구요원,아이브릭스,성남 분당구,모바일·게임>응용프로그래머>JAVA|인터넷·IT·통신·모바일·게임>응용프로그래머>자바스크립트|인터넷·IT·통신·모바일·게임>빅데이터·AI(인공지능)>머신러닝|인터넷·IT·통신·모바일·게임>빅데이터·AI(인공지능)> Python
ef98c82fd130b9e1,AI 연구 개발,NHN,성남 판교역,"관련 배경지식 보유자 - Python, C, C++ 개발 경험... 개발 경력 2년 이상 - 머신러닝 프로젝트 또는 백그라운드 보유 - Python, C, C++ 개발 경험 - Pytorch, Tensorflow..."
dfa8a9a7dd5bd7d6,음성인식 서비스 개발자,씨앤에이아이,서울 성동구,"Go 등의 백엔드 서비스 개발# 자격요건(필수사항)- 해당 분야 개발 경험 또는 그에 준하는 역량 보유자- Python 개발 역량 보유자- AI 관련 기술(머신러닝 및 딥러닝) 학습 이수자- Git(gitlab, github..."
19aef514479bcb87,Big Data Engineer,에스케이텔레콤,인천,"좋습니다.필요역량 및 경험- Python, Scala, Java 등 1개... 응용프로그래머>JAVA|인터넷·IT·통신·모바일·게임>응용프로그래머> Python|인터넷·IT·통신·모바일·게임>네트워크·서버·보안>사물인터넷(IoT..."
be6c1f03fa566f8e,추천 시스템 연구/개발,카카오,성남 판교역,"분야 석사 또는 박사 학위 소지자 적어도 하나 이상의 능숙한 프로그래밍 언어가 있으신 분 우대사항 Python, C++, GPU 프로그래밍 숙련자 TensorFlow, PyTorch, implicit 등 머신러닝/추천..."
faf40c2fe865ee5a,데이터분석 전문인력 채용,한화토탈,서산 대산읍,1:1 문의하기 응시 자격 1) 수학/통계학 관련 전공 석사학위 이상 2) 해당 업무 보유경력 5년 미만 3) Python 또는 R 등 분석언어 사용 가능 4) 비즈니스 문제해결 역량 보유 (Data gathering...
dfffe1088f829d9b,Sr. Application Engineer - EBS,Siemens Electronic Design Automation (Korea) LLC,경기도 성남,"programming language like Visual Basic, VBScript, or Python is also highly desirable Programming Skills like C language..."
e91b5984e7f5d3fd,"데이터베이스개발자, 웹개발 신입/경력 정규직",여의도사람들,서울 영등포구,"개발자 ㆍCss/html 등 웹디자인 관련 유경험자 ㆍ자바스크립트, Python, C++, 닷넷 등 ㆍNode, Selenium, electron... 관련 유경험자ㆍ자바스크립트, Python, C++, 닷넷 등 ㆍNode..."
ccd4f5407a32ba6a,Data Scientist,Boston Consulting Group,서울,"analysis a plus, Programming... scripting exp.: eg. Python, C#, VBA, Java, Perl, etc. Experience in applied analytics..."
961536dc2e0baf5e,데이터 엔지니어,RIDI Corp,서울,"에서의 데이터 파이프라인 구축 및 운영 경험 GA, Tableau 등 외부 분석/시각화 도구에 대한 지식 Python, Java, Scala 중 하나 이상을 이용한 개발 경험 추가 정보 지원 서류 안내 제출서류 : 이력..."
b6d169aa029a45a6,[강남/스타트업] 에이스랩 자율주행 엔지니어,에이스랩,서울 강남구,"공학 등 관련학사혹은 상응하는 지식- 프로그래밍 능력 (C/C++, python, etc)자세한 업무 및 자격 요건은 자사 홈페이지에서 확인 00 명... 통신·모바일·게임>응용프로그래머> Python|인터넷·IT·통신·모바일·게임..."
2cd08e43d8b37f87,[대기업] 클라우드 서비스 솔루션 개발,비에이블컨설팅그룹,서울,C++|인터넷·IT·통신·모바일·게임>응용프로그래머>클라우드|인터넷·IT·통신·모바일·게임>응용프로그래머> Python|인터넷·IT·통신·모바일·게임>데이터베이스·DBA>데이터베이스개발자|인터넷·IT·통신·모바일·게임>데이터베...
b6f149c5d6b60323,"Analyst - Environmental, Social and Governance (12 months co...",McKinsey & Company,서울,"ESG) Experience and training in data analytics tools like Python, Alteryx, Tableau, Excel or other analytical platforms..."
6ab03a3c5adbae26,[실내배송로봇 연구개발] - Robotics Software Engineer,로보티즈,서울 강서구,로보틱스 기술 분야에 대한 이해 및 개발 경험- C / C++ or Python 이해 및 개발 능숙[우대사항]- 실내 자율 주행 개발 프로젝트 수행... 개발 경험- C / C++ or Python 이해 및 개발 능숙[우대사항...
79fb95da6dff4025,하반기 신입(채용 연계형 인턴) 수시채용,홈앤쇼핑,서울 마곡동,"Python, R, 기타 코딩 능력 보유자 또는 통계 분석에 대한 기초 지식 보유자 중 1개 해당자 우대사항 · 통계 분석에 대한 기초 지식 보유자 · 기초 프로그래밍 코딩 구현 능력 보유자 ( Python or R..."
180dac6dbe6afaed,NHN Cloud 머신러닝 연구 및 개발,NHN,성남 판교역,"C++, Java, Python [머신러닝 서비스 개발] Job... TensorFlow, PyTorch - C++, Java, Python 공통지원자격 - 병역필 혹은 면제로 해외여행에 결격 사유가 없는 자..."
269f9a96319ef19a,머신러닝 엔지니어 모집,카카오,성남 판교역,"델의 성능 검증 및 지속 개선 대규모 로그 데이터 통계 분석을 통한 피쳐 추출 지원자격 #필수사항 Python, Java, C++ 등 언어 중 하나 이상 활용 가능하신 분 TensorFlow/Keras, PyTorch..."
089d5692025e08c5,[NIT Service] 네이버 클라우드 플랫폼 기술지원,엔아이티서비스,성남 분당구,"우대사항]- 클라우드 서비스 운영 경험 (AWS, Azure, KT Cloud 등)- Shell Script, Python 활용 가능- 국가보훈대상자 및 장애인은 법령에 의거 우대 0 명 근무조건 고용형태 : 정규직급여조건..."
3e96bc531d76390a,가우스랩스 Computer Vision & Image Processing Applied Scientist,가우스랩스,서울특별시,"실무 경험 보유. 생산적이고 건강한 조직 문화를 만들고자 하는 의지. 우대 영어 의사소통 능력. Python, C++ 등 프로그래밍 언어 및 PyTorch, Tensorflow 등 딥러닝 툴 전문 활용 가능. 영입..."
65d17e4704beb445,네트워크 보안 담당자 채용,케이뱅크은행,서울 중학동,"정보보안기사 등 관련 자격증을 보유하신 분 - 포렌식 업무 경험 또는 관련 자격증을 보유하신 분 - Java, Python 등 프로그래밍 언어가 능숙하신 분 근무조건 [근무조건] - 근무형태 : 정규직 - 모집인원 : 명..."
9ab2041ab3380a21,카카오톡 안티어뷰징을 위한 데이터/백엔드 엔지니어 및 머신러닝 전문가 모집,카카오,성남 판교역,"Engineer, Data Scientist 해당 분야에서 활용되는 언어 및 도구를 능숙하게 다룰 수 있는 분( Python, Scala, PyMC, PySpark, Tensorflow 등) 우대 사항 컨테이너 환경에서의..."
0e25160b5a1d095f,[유통 대기업] Business Analyst(비지니스분석가) 과차장급,에이치알니즈,서울,"이터 컨설팅 또는 비즈니스 컨설팅 경력 5년 이상 보유 -SQL, R, Python 중 1개 이상의 분석 도구 활용 경험 보유 -비지니스에 대한 문제... 게임>빅데이터·AI(인공지능)> Python|인터넷·IT·통신·모바일·게임..."
dd48308dcebc1469,"Customer Engineer, Google Cloud Customers",구글코리아,서울 강남구,"scripting/programming languages: Java, Go, Kotlin, C#, Python, Perl... Shell Scripting.Ability to rapidly prototype..."
1b48bc782d71db6f,개발자,SAPEON Korea,성남 분당구,"및 최적화 경험 * Deep learning framework 활용 경험자 우대 * C/C++ 또는 Python에 대한 높은 이해도 및 개발 능력 * Java, C++을 사용한 서비스 개발 경험 * ASIC 개발 flow..."
b0e39e829a425353,카카오 광고 최적화 연구 및 개발,카카오,성남 판교역,"활용한 어플리케이션 개발 지원자격 하나 이상의 프로그래밍 언어에 익숙한 분 (C/C++, Java, Python, Go, Scala 등) [알고리즘 개발 업무 관련 지원 경우] 데이터 마이닝 또는 머신러닝 지식/경험이..."
4ea78a5fc824bb1e,WebRTC UC & Collaboration Frontend & Backend Developer,Ericsson,서울,"Node.js, React.js, React-native, Python Preferred domain experience: Public Cloud... js, React-native, Python 선호 기술 분야: 퍼블릭 클라..."
cae2de07045cfb2b,"Java, Python 영상툴 개발자",에이아이메이커,서울 마곡동,원하면 가능) 담당업무 - 영상 라벨링 Tool 개발 - Tool 정확성 개선 자격요건 - Java - Python 우대사항 - 관련 개발 경력 - 툴개발 경력 근무조건 - 월~금 AM9:30 ~ PM18:30 복지...
